<?xml version="1.0" encoding="UTF-8"?>
<project-private xmlns="http://www.netbeans.org/ns/project-private/1">
    <editor-bookmarks xmlns="http://www.netbeans.org/ns/editor-bookmarks/2" lastBookmarkId="0"/>
    <open-files xmlns="http://www.netbeans.org/ns/projectui-open-files/2">
        <group>
            <file>file:/C:/Users/Green/Desktop/BookStoreFX/src/com/asu/bookstore/gui/homeGUI.java</file>
            <file>file:/C:/Users/Green/Desktop/BookStoreFX/src/com/asu/bookstore/main/Main.java</file>
            <file>file:/C:/Users/Green/Desktop/BookStoreFX/src/com/asu/bookstore/gui/addGUI.java</file>
            <file>file:/C:/Users/Green/Desktop/BookStoreFX/src/com/asu/bookstore/gui/LoginGUI.java</file>
            <file>file:/C:/Users/Green/Desktop/BookStoreFX/src/com/asu/bookstore/models/BookModel.java</file>
            <file>file:/C:/Users/Green/Desktop/BookStoreFX/src/com/asu/bookstore/models/OrderModel.java</file>
            <file>file:/C:/Users/Green/Desktop/BookStoreFX/src/com/asu/bookstore/models/AdminModel.java</file>
            <file>file:/C:/Users/Green/Desktop/BookStoreFX/src/com/asu/bookstore/gui/SignupGUI.java</file>
            <file>file:/C:/Users/Green/Desktop/BookStoreFX/src/com/asu/bookstore/services/DatabaseWriter.java</file>
            <file>file:/C:/Users/Green/Desktop/BookStoreFX/src/com/asu/bookstore/gui/editGUI.java</file>
        </group>
    </open-files>
</project-private>
